Unnamed: 0,video_id,video_source,video_type,fps,inference_type,question,ground_truth_prior,depth_info,ground_truth_posterior,parsed_value
2161,internet_0004,internet,S2MC,25,SS,What is the length of the wood block in cm?,ruler calibre = 1cm,,9.9,89.0
2162,internet_0004,internet,S2MC,25,SS,What is the thickness of the wood block in cm?,ruler calibre = 1cm,,1.9,2.0
2163,internet_0004,internet,S2MC,25,SD,What is the average velocity of the pencil tip moving on the block in cm/s?,ruler calibre = 1cm,,14.1,19.0
2164,internet_0004,internet,S2MC,25,SD,What is the average velocity of the saw cutting the block in cm/s?,ruler calibre = 1cm,,1.2,60.0
2165,internet_0005,internet,V2MC,25,DS,What is the distance between the two black road signs in meters?,walking velocity = 1.25m/s,,4.77,7.0
2166,internet_0005,internet,V2MC,25,DS,What is the height of the woman in yellow in meters?,walking velocity = 1.25m/s,,1.71,1.6
2167,internet_0005,internet,V2MC,25,DS,What is the length of the light right above the woman's head in meters?,walking velocity = 1.25m/s,,1.05,5.0
2168,internet_0005,internet,V2MC,25,DS,What is the side length of the floor tiles in meters?,walking velocity = 1.25m/s,,125,0.5
2200,internet_0013,internet,V2MC,30,DS,What is the width of the straight-through lane in meters?,pedestrian walking speed ~1.1 m/s,,3.68,
2201,internet_0013,internet,V2MC,30,DS,What is the width of the roundabout lane in meters?,pedestrian walking speed ~1.1 m/s,,4.09,
2202,internet_0013,internet,V2MC,30,DS,What is the diameter of the center island planter in meters?,pedestrian walking speed ~1.1 m/s,,20.41,
2203,internet_0013,internet,V2MC,30,DD,What is the speed of the white car in the roundabout at 3.0s in m/s?,pedestrian walking speed ~1.1 m/s,,5.79,
2204,internet_0013,internet,V2MC,30,DD,What is the speed of the bycicle on the upper left conrner at 3.0s in m/s?,pedestrian walking speed ~1.1 m/s,,3.41,
2205,internet_0013,internet,V2MC,30,DS,What is the distance between the two black cars in the round about at 1.0s in meters?,pedestrian walking speed ~1.1 m/s,,27,
2272,internet_0027,internet,S2MC,25,SS,What is the initial distance between the balck ball and the purple ball in cm?,billiard ball diameter = 57.2mm,,14.74,11.0
2273,internet_0027,internet,S2MC,25,SD,What is the white ball's average velocity in 1.00s to 2.00s in cm/s?,billiard ball diameter = 57.2mm,,26.82,30.0
2274,internet_0027,internet,S2MC,25,SD,What is the velocity of the orange ball at 1.00s in cm/s?,billiard ball diameter = 57.2mm,,24.99,24.0
2275,internet_0027,internet,S2MC,25,SS,What is the final distance between the purple ball and the black ball in cm?,billiard ball diameter = 57.2mm,,18.04,6.6
2276,internet_0027,internet,S2MC,25,SD,What is the acceleration of the yellow ballon the left at 2.00s in cm/s^2?,billiard ball diameter = 57.2mm,,11,-280.0
2228,internet_0019,internet,A2MC,30,DS,What is the size of the ball in cm?,gravity acc = 9.8m/s^2,,21.9,22.0
2229,internet_0019,internet,A2MC,30,DS,What is the height of the person standing in the middle in cm?,gravity acc = 9.8m/s^2,,181,170.0
2230,internet_0019,internet,A2MC,30,DS,What is the height of the person on the left (the passer) in cm?,gravity acc = 9.8m/s^2,,161,155.0
2231,internet_0019,internet,A2MC,30,DS,What is the height of the person on the right (the receiver) in cm?,gravity acc = 9.8m/s^2,,184,175.0
2232,internet_0019,internet,A2MC,30,DS,What is the initial distance between the passer and the receiver in meters?,gravity acc = 9.8m/s^2,,4.52,6.0
2233,internet_0019,internet,A2MC,30,DD,What is the velocity of the ball at 1.00s in m/s?,gravity acc = 9.8m/s^2,,3.7,-4.9
2234,internet_0019,internet,A2MC,30,DD,What is the (average) horizontal velocity of the ball in m/s?,gravity acc = 9.8m/s^2,,1.93,1.5
2151,internet_0001,internet,S2SC,24,SS,What is the length of the black car in meters?,lane width = 3.66m,,5.81,4.3
2152,internet_0001,internet,S2SC,24,SS,What is the width of the black car in meters?,lane width = 3.66m,,2.21,1.8
2153,internet_0001,internet,S2SC,24,SD,What is the average speed of the black car in m/s?,lane width = 3.66m,,29.3,29.0
139,simulation_0089,simulation,S2MX,24,SS,What is the length of the big bird in meters?,length of the small bird = 0.94m,,0.72,1.1
140,simulation_0089,simulation,S2MX,24,SS,What is the width of the big bird in meters?,length of the small bird = 0.94m,,2.04,1.28
141,simulation_0089,simulation,S2MX,24,SS,What is the width of the small bird in meters?,length of the small bird = 0.94m,,1.3,0.32
142,simulation_0089,simulation,S2MX,24,SD,What is the speed of the small bird in m/s?,length of the small bird = 0.94m,,11,10.5
143,simulation_0089,simulation,S2MX,24,SD,What is the speed of the big bird in m/s?,length of the small bird = 0.94m,,17.98,14.1
144,simulation_0089,simulation,S2MX,24,SS,What is the horizontal distance(XY-plane) between the big bird and the small bird at 0.5 s in meters?,length of the small bird = 0.94m,,14.56,3.3
398,simulation_0163,simulation,S2MC,24,SD,What is the speed of the ball at time 0.5s in m/s?,diameter of the ball = 0.21m,,3.148,3.2
399,simulation_0163,simulation,S2MC,24,SD,What is the acceleration of the ball at time 0.5s in m/s^2?,diameter of the ball = 0.21m,,0.359,1.2
400,simulation_0163,simulation,S2MC,24,SD,What is the speed of the ball at time 1s in m/s?,diameter of the ball = 0.21m,,2.974,3.2
401,simulation_0163,simulation,S2MC,24,SD,What is the acceleration of the ball at time 1s in m/s^2?,diameter of the ball = 0.21m,,0.339,1.1
402,simulation_0163,simulation,S2MC,24,SS,What is the height of the bowling pin in meters?,diameter of the ball = 0.21m,,0.32,0.38
403,simulation_0163,simulation,S2MC,24,SS,What is the height of the ball return opening in meters?,diameter of the ball = 0.21m,,10,0.32
427,simulation_0171,simulation,S2SS,24,SD,What is the speed of the astronaut at time 0.5s in m/s?,height of the astronaut = 2.2m,,1.72,1.8
428,simulation_0171,simulation,S2SS,24,SD,What is the acceleration of the astronaut at time 0.5s in m/s^2?,height of the astronaut = 2.2m,,1.801,1.6
429,simulation_0171,simulation,S2SS,24,SD,What is the speed of the astronaut at time 1s in m/s?,height of the astronaut = 2.2m,,4.89,2.0
430,simulation_0171,simulation,S2SS,24,SD,What is the acceleration of the astronaut at time 1s in m/s^2?,height of the astronaut = 2.2m,,1.192,1.2
431,simulation_0171,simulation,S2SS,24,SD,What is the speed of the astronaut at time 2s in m/s?,height of the astronaut = 2.2m,,1.86,1.6
432,simulation_0171,simulation,S2SS,24,SD,What is the acceleration of the astronaut at time 2s in m/s^2?,height of the astronaut = 2.2m,,0.705,1.6
433,simulation_0171,simulation,S2SS,24,SD,What is the speed of the astronaut at time 3s in m/s?,height of the astronaut = 2.2m,,1.462,1.4
434,simulation_0171,simulation,S2SS,24,SD,What is the acceleration of the astronaut at time 3s in m/s^2?,height of the astronaut = 2.2m,,2.634,1.6
513,simulation_0196,simulation,V2MS,30,DS,What is the diameter of the plunge tube in meters?,speed of the bubble in the drop = 0.00144m/s,,0.00307,0.012
514,simulation_0196,simulation,V2MS,30,DS,What is the width of the droplet in meters?,speed of the bubble in the drop = 0.00144m/s,,0.00175,0.0045
515,simulation_0196,simulation,V2MS,30,DS,What is the horizontal width of the “skynova” text on the bottle in meters?,speed of the bubble in the drop = 0.00144m/s,,0.00188,0.017
516,simulation_0196,simulation,V2MS,30,DS,What is the vertical height of the “skynova” lettering on the bottle in meters?,speed of the bubble in the drop = 0.00144m/s,,0.014,0.013
498,simulation_0193,simulation,V2MC,30,DS,What is the diameter of the model of Callisto in meters?,Callisto's model speed = 0.627 m/s,,0.137,0.00357
499,simulation_0193,simulation,V2MC,30,DS,What is the diameter of the model of Jupiter (the one at the center) in meters?,Callisto's model speed = 0.627 m/s,,1.76,0.22
500,simulation_0193,simulation,V2MC,30,DD,What is the speed of the model of Io in m/s?,Callisto's model speed = 0.627 m/s,,1.932,0.18
501,simulation_0193,simulation,V2MC,30,DD,What is the speed of the model of Europa in m/s?,Callisto's model speed = 0.627 m/s,,1.242,1.13
502,simulation_0193,simulation,V2MC,30,DD,What is the speed of the model of Ganymede in m/s?,Callisto's model speed = 0.627 m/s,,0.808,1.01
503,simulation_0193,simulation,V2MC,30,DS,What is the diameter of the model of Io in meters?,Callisto's model speed = 0.627 m/s,,0.137,0.99
504,simulation_0193,simulation,V2MC,30,DS,What is the diameter of the model of Europa in meters?,Callisto's model speed = 0.627 m/s,,0.137,0.52
505,simulation_0193,simulation,V2MC,30,DS,What is the diameter of the model of Ganymede in meters?,Callisto's model speed = 0.627 m/s,,0.137,0.33
506,simulation_0193,simulation,V2MC,30,DS,What is the orbital diameter of the Io model?,Callisto's model speed = 0.627 m/s,,3.31,5.6
507,simulation_0193,simulation,V2MC,30,DS,What is the orbital diameter of the Europa model?,Callisto's model speed = 0.627 m/s,,4.24,0.95
508,simulation_0193,simulation,V2MC,30,DS,What is the orbital diameter of the Ganymede model?,Callisto's model speed = 0.627 m/s,,5.55,1.18
509,simulation_0193,simulation,V2MC,30,DS,What is the orbital diameter of the Callisto model?,Callisto's model speed = 0.627 m/s,,8.53,2.71
1896,simulation_0098_segmented,segmentaion,V2MS,24,DD,What is the average speed of the boat in m/s?,speed of the shark = 3m/s,,5,1.5
1897,simulation_0098_segmented,segmentaion,V2MS,24,DS,What is the length of the boat in meters?,speed of the shark = 3m/s,,10,15.0
1898,simulation_0098_segmented,segmentaion,V2MS,24,DS,What is the length of the shark in meters?,speed of the shark = 3m/s,,3.26,1.5
1899,simulation_0098_segmented,segmentaion,V2MS,24,DS,What is the height of the shark in meters?,speed of the shark = 3m/s,,1.11,1.1
1090,simulation_0009,simulation,V3MC,24,DS,What is the length of the boat in meters?,speed of the boat = 1.5 m/s,"t=0s, distance_boat_camera =11.827 m
t=1s, distance_boat_camera = 13.154m
distance_pier_camera = 18.920m
distance_stairs_camera = 23.125m",3.62,3.0
1091,simulation_0009,simulation,V3MC,24,DS,What is the width of the boat in meters?,speed of the boat = 1.5 m/s,"t=0s, distance_boat_camera =11.827 m
t=1s, distance_boat_camera = 13.154m
distance_pier_camera = 18.920m
distance_stairs_camera = 23.125m",1.23,1.6
1092,simulation_0009,simulation,V3MC,24,DS,What is the height of the boat in meters?,speed of the boat = 1.5 m/s,"t=0s, distance_boat_camera =11.827 m
t=1s, distance_boat_camera = 13.154m
distance_pier_camera = 18.920m
distance_stairs_camera = 23.125m",0.75,1.2
1093,simulation_0009,simulation,V3MC,24,DS,What is the width of the wooden pier in meters?,speed of the boat = 1.5 m/s,"t=0s, distance_boat_camera =11.827 m
t=1s, distance_boat_camera = 13.154m
distance_pier_camera = 18.920m
distance_stairs_camera = 23.125m",1.53,1.3
1094,simulation_0009,simulation,V3MC,24,DS,What is the length of the pier from the shore-side edge to the water-side edge in meters?,speed of the boat = 1.5 m/s,"t=0s, distance_boat_camera =11.827 m
t=1s, distance_boat_camera = 13.154m
distance_pier_camera = 18.920m
distance_stairs_camera = 23.125m",6.17,3.0
1095,simulation_0009,simulation,V3MC,24,DS,"When t=3s, what is the minimum distance from the outer end of the pier to the boat in meters?",speed of the boat = 1.5 m/s,"t=0s, distance_boat_camera =11.827 m
t=1s, distance_boat_camera = 13.154m
distance_pier_camera = 18.920m
distance_stairs_camera = 23.125m",1.95,4.9
1096,simulation_0009,simulation,V3MC,24,DS,What is the width of the wooden steps in meters?,speed of the boat = 1.5 m/s,"t=0s, distance_boat_camera =11.827 m
t=1s, distance_boat_camera = 13.154m
distance_pier_camera = 18.920m
distance_stairs_camera = 23.125m",1.56,1.0
1097,simulation_0009,simulation,V3MC,24,DS,What is the height of the pier deck above the water surface in meters?,speed of the boat = 1.5 m/s,"t=0s, distance_boat_camera =11.827 m
t=1s, distance_boat_camera = 13.154m
distance_pier_camera = 18.920m
distance_stairs_camera = 23.125m",0.26,0.75
1098,simulation_0009,simulation,V3MC,24,DS,What is the height of the cabin floor above the ground in meters?,speed of the boat = 1.5 m/s,"t=0s, distance_boat_camera =11.827 m
t=1s, distance_boat_camera = 13.154m
distance_pier_camera = 18.920m
distance_stairs_camera = 23.125m",0.85,1.4
1120,simulation_0015,simulation,S3MC,33,SS,What is the height of the central sculpture itself (excluding the pedestal) in meters?,height of the person = 1.87m,"t=0s, distance_human_camera = 12.26m
t=1s, distance_human_camera = 10.97m
distance_the_pedestal_of_the_central _sculpture_and_camera = 9.460m
distance_the centeral_sculpture_camera = 9.460m
distance_the_nearest_freestanding_art_display_panel = 11.874m",1.97,3.1
1121,simulation_0015,simulation,S3MC,33,SS,What is the width of the pedestal (square base) of the central sculpture in meters?,height of the person = 1.87m,"t=0s, distance_human_camera = 12.26m
t=1s, distance_human_camera = 10.97m
distance_the_pedestal_of_the_central _sculpture_and_camera = 9.460m
distance_the centeral_sculpture_camera = 9.460m
distance_the_nearest_freestanding_art_display_panel = 11.874m",1.46,2.4
1122,simulation_0015,simulation,S3MC,33,SS,What is the height of the pedestal (square base) of the central sculpture in meters?,height of the person = 1.87m,"t=0s, distance_human_camera = 12.26m
t=1s, distance_human_camera = 10.97m
distance_the_pedestal_of_the_central _sculpture_and_camera = 9.460m
distance_the centeral_sculpture_camera = 9.460m
distance_the_nearest_freestanding_art_display_panel = 11.874m",0.6,1.2
1123,simulation_0015,simulation,S3MC,33,SS,What is the width of the freestanding art display panel in meters?,height of the person = 1.87m,"t=0s, distance_human_camera = 12.26m
t=1s, distance_human_camera = 10.97m
distance_the_pedestal_of_the_central _sculpture_and_camera = 9.460m
distance_the centeral_sculpture_camera = 9.460m
distance_the_nearest_freestanding_art_display_panel = 11.874m",1.58,2.4
1124,simulation_0015,simulation,S3MC,33,SS,What is the height of the freestanding art display panel in meters?,height of the person = 1.87m,"t=0s, distance_human_camera = 12.26m
t=1s, distance_human_camera = 10.97m
distance_the_pedestal_of_the_central _sculpture_and_camera = 9.460m
distance_the centeral_sculpture_camera = 9.460m
distance_the_nearest_freestanding_art_display_panel = 11.874m",2,2.1
1125,simulation_0015,simulation,S3MC,33,SS,What is the height of the bench seat in the atrium in meters?,height of the person = 1.87m,"t=0s, distance_human_camera = 12.26m
t=1s, distance_human_camera = 10.97m
distance_the_pedestal_of_the_central _sculpture_and_camera = 9.460m
distance_the centeral_sculpture_camera = 9.460m
distance_the_nearest_freestanding_art_display_panel = 11.874m",0.45,0.45
1126,simulation_0015,simulation,S3MC,33,SS,What is the width of the bench seat in the atrium in meters?,height of the person = 1.87m,"t=0s, distance_human_camera = 12.26m
t=1s, distance_human_camera = 10.97m
distance_the_pedestal_of_the_central _sculpture_and_camera = 9.460m
distance_the centeral_sculpture_camera = 9.460m
distance_the_nearest_freestanding_art_display_panel = 11.874m",0.706,2.1
1127,simulation_0015,simulation,S3MC,33,SS,What is the length of the bench seat in the atrium in meters?,height of the person = 1.87m,"t=0s, distance_human_camera = 12.26m
t=1s, distance_human_camera = 10.97m
distance_the_pedestal_of_the_central _sculpture_and_camera = 9.460m
distance_the centeral_sculpture_camera = 9.460m
distance_the_nearest_freestanding_art_display_panel = 11.874m",2.23,3.4
1128,simulation_0015,simulation,S3MC,33,SS,What is the clear height from the floor to the underside of the open roof frame (lattice) in meters?,height of the person = 1.87m,"t=0s, distance_human_camera = 12.26m
t=1s, distance_human_camera = 10.97m
distance_the_pedestal_of_the_central _sculpture_and_camera = 9.460m
distance_the centeral_sculpture_camera = 9.460m
distance_the_nearest_freestanding_art_display_panel = 11.874m",12.9,16.5
1129,simulation_0015,simulation,S3MC,33,SS,What is the vertical depth (thickness) of the open roof frame (top edge to bottom edge) in meters?,height of the person = 1.87m,"t=0s, distance_human_camera = 12.26m
t=1s, distance_human_camera = 10.97m
distance_the_pedestal_of_the_central _sculpture_and_camera = 9.460m
distance_the centeral_sculpture_camera = 9.460m
distance_the_nearest_freestanding_art_display_panel = 11.874m",0.72,1.5
1130,simulation_0015,simulation,S3MC,33,SD,What is the average speed of the bird in m/s?,height of the person = 1.87m,"t=0s, distance_human_camera = 12.26m
t=1s, distance_human_camera = 10.97m
distance_the_pedestal_of_the_central _sculpture_and_camera = 9.460m
distance_the centeral_sculpture_camera = 9.460m
distance_the_nearest_freestanding_art_display_panel = 11.874m",1.3,0.0
1343,simulation_0060,simulation,A3MC,24,DD,What is the average speed of the yellow car in m/s？,acceleration of the white car = 4m/s^2,"t=0.58s, distance_human_camera = 34.4785m
t=1.58s, distance_human_camera = 35.6486m
t=0.58s, distance_yellow_car_camera = 26.2275m
t=1.58s, distance_yellow_car_camera = 28.4240m
t=0.58s, distance_white_car_camera = 22.7254m
t=1.58s, distance_white_car_camera = 21.5370m
t=0.58s, distance_bike_camera = 23.5534m
t=1.58s, distance_bike_camera = 23.2262m",4.075,2.2
1344,simulation_0060,simulation,A3MC,24,DS,What is the width of the lane in meters?,acceleration of the white car = 4m/s^2,"t=0.58s, distance_human_camera = 34.4785m
t=1.58s, distance_human_camera = 35.6486m
t=0.58s, distance_yellow_car_camera = 26.2275m
t=1.58s, distance_yellow_car_camera = 28.4240m
t=0.58s, distance_white_car_camera = 22.7254m
t=1.58s, distance_white_car_camera = 21.5370m
t=0.58s, distance_bike_camera = 23.5534m
t=1.58s, distance_bike_camera = 23.2262m",11.8,3.4
1345,simulation_0060,simulation,A3MC,24,DS,What is the length of the white car in meters？,acceleration of the white car = 4m/s^2,"t=0.58s, distance_human_camera = 34.4785m
t=1.58s, distance_human_camera = 35.6486m
t=0.58s, distance_yellow_car_camera = 26.2275m
t=1.58s, distance_yellow_car_camera = 28.4240m
t=0.58s, distance_white_car_camera = 22.7254m
t=1.58s, distance_white_car_camera = 21.5370m
t=0.58s, distance_bike_camera = 23.5534m
t=1.58s, distance_bike_camera = 23.2262m",6,4.61
1346,simulation_0060,simulation,A3MC,24,DS,What is the length of the turning yellow car in meters?,acceleration of the white car = 4m/s^2,"t=0.58s, distance_human_camera = 34.4785m
t=1.58s, distance_human_camera = 35.6486m
t=0.58s, distance_yellow_car_camera = 26.2275m
t=1.58s, distance_yellow_car_camera = 28.4240m
t=0.58s, distance_white_car_camera = 22.7254m
t=1.58s, distance_white_car_camera = 21.5370m
t=0.58s, distance_bike_camera = 23.5534m
t=1.58s, distance_bike_camera = 23.2262m",5.44,4.0
1347,simulation_0060,simulation,A3MC,24,DS,What is the height of the turning yellow car in meters?,acceleration of the white car = 4m/s^2,"t=0.58s, distance_human_camera = 34.4785m
t=1.58s, distance_human_camera = 35.6486m
t=0.58s, distance_yellow_car_camera = 26.2275m
t=1.58s, distance_yellow_car_camera = 28.4240m
t=0.58s, distance_white_car_camera = 22.7254m
t=1.58s, distance_white_car_camera = 21.5370m
t=0.58s, distance_bike_camera = 23.5534m
t=1.58s, distance_bike_camera = 23.2262m",1.65,1.52
1348,simulation_0060,simulation,A3MC,24,DS,What is the diameter of the bicycle wheel in meters?,acceleration of the white car = 4m/s^2,"t=0.58s, distance_human_camera = 34.4785m
t=1.58s, distance_human_camera = 35.6486m
t=0.58s, distance_yellow_car_camera = 26.2275m
t=1.58s, distance_yellow_car_camera = 28.4240m
t=0.58s, distance_white_car_camera = 22.7254m
t=1.58s, distance_white_car_camera = 21.5370m
t=0.58s, distance_bike_camera = 23.5534m
t=1.58s, distance_bike_camera = 23.2262m",0.56,0.66
1349,simulation_0060,simulation,A3MC,24,DD,What is the average speed of the walking pedestrian in m/s?,acceleration of the white car = 4m/s^2,"t=0.58s, distance_human_camera = 34.4785m
t=1.58s, distance_human_camera = 35.6486m
t=0.58s, distance_yellow_car_camera = 26.2275m
t=1.58s, distance_yellow_car_camera = 28.4240m
t=0.58s, distance_white_car_camera = 22.7254m
t=1.58s, distance_white_car_camera = 21.5370m
t=0.58s, distance_bike_camera = 23.5534m
t=1.58s, distance_bike_camera = 23.2262m",1.3,1.17
1350,simulation_0060,simulation,A3MC,24,DS,What is the height of the walking pedestrian in meters?,acceleration of the white car = 4m/s^2,"t=0.58s, distance_human_camera = 34.4785m
t=1.58s, distance_human_camera = 35.6486m
t=0.58s, distance_yellow_car_camera = 26.2275m
t=1.58s, distance_yellow_car_camera = 28.4240m
t=0.58s, distance_white_car_camera = 22.7254m
t=1.58s, distance_white_car_camera = 21.5370m
t=0.58s, distance_bike_camera = 23.5534m
t=1.58s, distance_bike_camera = 23.2262m",1.87,1.75
1351,simulation_0060,simulation,A3MC,24,DD,What is the average speed of the bicycle in m/s?,acceleration of the white car = 4m/s^2,"t=0.58s, distance_human_camera = 34.4785m
t=1.58s, distance_human_camera = 35.6486m
t=0.58s, distance_yellow_car_camera = 26.2275m
t=1.58s, distance_yellow_car_camera = 28.4240m
t=0.58s, distance_white_car_camera = 22.7254m
t=1.58s, distance_white_car_camera = 21.5370m
t=0.58s, distance_bike_camera = 23.5534m
t=1.58s, distance_bike_camera = 23.2262m",5.33,0.33
1352,simulation_0060,simulation,A3MC,24,DS,What is the width of the green car in meters?,acceleration of the white car = 4m/s^2,"t=0.58s, distance_human_camera = 34.4785m
t=1.58s, distance_human_camera = 35.6486m
t=0.58s, distance_yellow_car_camera = 26.2275m
t=1.58s, distance_yellow_car_camera = 28.4240m
t=0.58s, distance_white_car_camera = 22.7254m
t=1.58s, distance_white_car_camera = 21.5370m
t=0.58s, distance_bike_camera = 23.5534m
t=1.58s, distance_bike_camera = 23.2262m",2.03,1.87
1353,simulation_0060,simulation,A3MC,24,DS,What is the width of the purple car in meters?,acceleration of the white car = 4m/s^2,"t=0.58s, distance_human_camera = 34.4785m
t=1.58s, distance_human_camera = 35.6486m
t=0.58s, distance_yellow_car_camera = 26.2275m
t=1.58s, distance_yellow_car_camera = 28.4240m
t=0.58s, distance_white_car_camera = 22.7254m
t=1.58s, distance_white_car_camera = 21.5370m
t=0.58s, distance_bike_camera = 23.5534m
t=1.58s, distance_bike_camera = 23.2262m",1.86,1.8
1354,simulation_0060,simulation,A3MC,24,DS,What is the height of three stacked trash bags in meters?,acceleration of the white car = 4m/s^2,"t=0.58s, distance_human_camera = 34.4785m
t=1.58s, distance_human_camera = 35.6486m
t=0.58s, distance_yellow_car_camera = 26.2275m
t=1.58s, distance_yellow_car_camera = 28.4240m
t=0.58s, distance_white_car_camera = 22.7254m
t=1.58s, distance_white_car_camera = 21.5370m
t=0.58s, distance_bike_camera = 23.5534m
t=1.58s, distance_bike_camera = 23.2262m",1.34,1.5
1355,simulation_0060,simulation,A3MC,24,DS,What is the height of the trash can in meters?,acceleration of the white car = 4m/s^2,"t=0.58s, distance_human_camera = 34.4785m
t=1.58s, distance_human_camera = 35.6486m
t=0.58s, distance_yellow_car_camera = 26.2275m
t=1.58s, distance_yellow_car_camera = 28.4240m
t=0.58s, distance_white_car_camera = 22.7254m
t=1.58s, distance_white_car_camera = 21.5370m
t=0.58s, distance_bike_camera = 23.5534m
t=1.58s, distance_bike_camera = 23.2262m",0.6,1.0
1547,simulation_0300,simulation,A3SX,24,DD,"What is the speed of the car at 1s, in m/s?",acceleration of the car = 5m/s^2,"t = 1.0s, distance_car_camera = 17.8278 m
t = 2.0s, distance_car_camera = 23.1989 m",4.8,5.6
1548,simulation_0300,simulation,A3SX,24,DD,"What is the speed of the car at 2s, in m/s?",acceleration of the car = 5m/s^2,"t = 1.0s, distance_car_camera = 17.8278 m
t = 2.0s, distance_car_camera = 23.1989 m",9.8,10.74
1549,simulation_0300,simulation,A3SX,24,DS,What is the length ((from the front to the back) of the car in meters?,acceleration of the car = 5m/s^2,"t = 1.0s, distance_car_camera = 17.8278 m
t = 2.0s, distance_car_camera = 23.1989 m",4.45,4.43
1550,simulation_0300,simulation,A3SX,24,DS,What is the width (from the left wheel to the right wheel) of the car in meters?,acceleration of the car = 5m/s^2,"t = 1.0s, distance_car_camera = 17.8278 m
t = 2.0s, distance_car_camera = 23.1989 m",2.23,1.8
1551,simulation_0300,simulation,A3SX,24,DS,What is the height of the car in meters?,acceleration of the car = 5m/s^2,"t = 1.0s, distance_car_camera = 17.8278 m
t = 2.0s, distance_car_camera = 23.1989 m",1.15,5.0
1989,simulation_0170_segmented,segmentaion,S3SS,24,SD,What is the speed of the astronaut at time 0.5s in m/s?,height of the astronaut = 2.2m,"t=1s, distance_astronaut_camera = 23.137m",3.533,0.54
1990,simulation_0170_segmented,segmentaion,S3SS,24,SD,What is the acceleration of the astronaut at time 0.5s in m/s^2?,height of the astronaut = 2.2m,"t=1s, distance_astronaut_camera = 23.137m",6.227,0.0
1991,simulation_0170_segmented,segmentaion,S3SS,24,SD,What is the speed of the astronaut at time 1s in m/s?,height of the astronaut = 2.2m,"t=1s, distance_astronaut_camera = 23.137m",5.938,0.42
1992,simulation_0170_segmented,segmentaion,S3SS,24,SD,What is the acceleration of the astronaut at time 1s in m/s^2?,height of the astronaut = 2.2m,"t=1s, distance_astronaut_camera = 23.137m",3.604,0.0
1993,simulation_0170_segmented,segmentaion,S3SS,24,SD,What is the speed of the astronaut at time 2s in m/s?,height of the astronaut = 2.2m,"t=1s, distance_astronaut_camera = 23.137m",6.812,0.86
1994,simulation_0170_segmented,segmentaion,S3SS,24,SD,What is the acceleration of the astronaut at time 2s in m/s^2?,height of the astronaut = 2.2m,"t=1s, distance_astronaut_camera = 23.137m",1.641,0.0
1995,simulation_0170_segmented,segmentaion,S3SS,24,SD,What is the speed of the astronaut at time 3s in m/s?,height of the astronaut = 2.2m,"t=1s, distance_astronaut_camera = 23.137m",2.441,0.84
1996,simulation_0170_segmented,segmentaion,S3SS,24,SD,What is the acceleration of the astronaut at time 3s in m/s^2?,height of the astronaut = 2.2m,"t=1s, distance_astronaut_camera = 23.137m",6.885,2.1
1828,simulation_0034_segmented,segmentaion,S3MC,24,SD,What is the average speed of the boat in m/s?,height of the person = 1.75m,"t=1s, distance_boat_camera = 96.8995 m
t=2s, distance_boat_camera = 92.8490 m
t=1s, distance_human_camera = 92.1861m
t=2s, distance_human_camera = 92.1960 m
t=1s, distance_eagle_camera = 91.6867m
t=2s, distance_eagle_camera = 103.4262m",4,4.05
1829,simulation_0034_segmented,segmentaion,S3MC,24,SS,What is the height of the boat in meters?,height of the person = 1.75m,"t=1s, distance_boat_camera = 96.8995 m
t=2s, distance_boat_camera = 92.8490 m
t=1s, distance_human_camera = 92.1861m
t=2s, distance_human_camera = 92.1960 m
t=1s, distance_eagle_camera = 91.6867m
t=2s, distance_eagle_camera = 103.4262m",9.42,7.0
1830,simulation_0034_segmented,segmentaion,S3MC,24,SS,What is the width of the boat in meters?,height of the person = 1.75m,"t=1s, distance_boat_camera = 96.8995 m
t=2s, distance_boat_camera = 92.8490 m
t=1s, distance_human_camera = 92.1861m
t=2s, distance_human_camera = 92.1960 m
t=1s, distance_eagle_camera = 91.6867m
t=2s, distance_eagle_camera = 103.4262m",3.27,3.9
1831,simulation_0034_segmented,segmentaion,S3MC,24,SD,What is the average speed of the person in m/s?,height of the person = 1.75m,"t=1s, distance_boat_camera = 96.8995 m
t=2s, distance_boat_camera = 92.8490 m
t=1s, distance_human_camera = 92.1861m
t=2s, distance_human_camera = 92.1960 m
t=1s, distance_eagle_camera = 91.6867m
t=2s, distance_eagle_camera = 103.4262m",1.3,0.00495
1832,simulation_0034_segmented,segmentaion,S3MC,24,SS,What is the eagle’s wingspan (the distance from the tip of one wing to the tip of the other when fully spread) in meters?,height of the person = 1.75m,"t=1s, distance_boat_camera = 96.8995 m
t=2s, distance_boat_camera = 92.8490 m
t=1s, distance_human_camera = 92.1861m
t=2s, distance_human_camera = 92.1960 m
t=1s, distance_eagle_camera = 91.6867m
t=2s, distance_eagle_camera = 103.4262m",1.57,1.9
1833,simulation_0034_segmented,segmentaion,S3MC,24,SD,What is the average speed of the eagle in m/s?,height of the person = 1.75m,"t=1s, distance_boat_camera = 96.8995 m
t=2s, distance_boat_camera = 92.8490 m
t=1s, distance_human_camera = 92.1861m
t=2s, distance_human_camera = 92.1960 m
t=1s, distance_eagle_camera = 91.6867m
t=2s, distance_eagle_camera = 103.4262m",12,11.74
2520,captured_0021x,lab,S3SX,24,SD,What is the velocity of the ping pong ball at 1.2s in cm/s?,diameter of the ping pong ball = 40mm,"t=1.0s, distance_pingpong_camera=1.511m
t=1.4s, distance_pingpong_camera=1.03m",117.73,120.6
2521,captured_0021x,lab,S3SX,24,SD,What is the velocity of the ping pong ball at 1.4s in cm/s?,diameter of the ping pong ball = 40mm,"t=1.0s, distance_pingpong_camera=1.511m
t=1.4s, distance_pingpong_camera=1.03m",87.9,1202.5
2522,captured_0021x,lab,S3SX,24,SS,What is the displacement of the ping pong ball between 1.0s and 1.4s in cm?,diameter of the ping pong ball = 40mm,"t=1.0s, distance_pingpong_camera=1.511m
t=1.4s, distance_pingpong_camera=1.03m",49.69,48.1
2523,captured_0021x,lab,S3SX,24,SS,What is the width of the table in cm?,diameter of the ping pong ball = 40mm,"t=1.0s, distance_pingpong_camera=1.511m
t=1.4s, distance_pingpong_camera=1.03m",60,88.0
2524,captured_0021x,lab,S3SX,24,SS,What is the length of the table in cm?,diameter of the ping pong ball = 40mm,"t=1.0s, distance_pingpong_camera=1.511m
t=1.4s, distance_pingpong_camera=1.03m",75,134.0
2345,captured_0013,lab,A3MC,24,DS,What is the height of the cup in cm? ,"t=1.5, ball acceleration = 3.0m/s^2","t=0s, distance_cup_camera = 1.2100m
t=0s, distance_pen_camera = 1.1750m
t=0s, distance_cookie_camera = 1.1820m
t=0s, distance_note_book_camera = 0.9620m
t=0s, distance_desk_left_camera = 0.8690m
t=0s, distance_desk_right_camera = 0.8520m
t=0s, distance_slope_far_camera = 1.3450m
t=0s, distance_slope_near_camera = 1.1040m
",14.5,12.0
2346,captured_0013,lab,A3MC,24,DS,What is the length of the pen in cm? ,"t=1.5, ball acceleration = 3.0m/s^2","t=0s, distance_cup_camera = 1.2100m
t=0s, distance_pen_camera = 1.1750m
t=0s, distance_cookie_camera = 1.1820m
t=0s, distance_note_book_camera = 0.9620m
t=0s, distance_desk_left_camera = 0.8690m
t=0s, distance_desk_right_camera = 0.8520m
t=0s, distance_slope_far_camera = 1.3450m
t=0s, distance_slope_near_camera = 1.1040m
",14.5,14.8
2347,captured_0013,lab,A3MC,24,DS,What is the diameter of the cookie in cm? ,"t=1.5, ball acceleration = 3.0m/s^2","t=0s, distance_cup_camera = 1.2100m
t=0s, distance_pen_camera = 1.1750m
t=0s, distance_cookie_camera = 1.1820m
t=0s, distance_note_book_camera = 0.9620m
t=0s, distance_desk_left_camera = 0.8690m
t=0s, distance_desk_right_camera = 0.8520m
t=0s, distance_slope_far_camera = 1.3450m
t=0s, distance_slope_near_camera = 1.1040m
",8,7.0
2348,captured_0013,lab,A3MC,24,DS,What is the width of the note book in cm? ,"t=1.5, ball acceleration = 3.0m/s^2","t=0s, distance_cup_camera = 1.2100m
t=0s, distance_pen_camera = 1.1750m
t=0s, distance_cookie_camera = 1.1820m
t=0s, distance_note_book_camera = 0.9620m
t=0s, distance_desk_left_camera = 0.8690m
t=0s, distance_desk_right_camera = 0.8520m
t=0s, distance_slope_far_camera = 1.3450m
t=0s, distance_slope_near_camera = 1.1040m
",10.8,14.5
2349,captured_0013,lab,A3MC,24,DS,What is the width of the desk in cm? ,"t=1.5, ball acceleration = 3.0m/s^2","t=0s, distance_cup_camera = 1.2100m
t=0s, distance_pen_camera = 1.1750m
t=0s, distance_cookie_camera = 1.1820m
t=0s, distance_note_book_camera = 0.9620m
t=0s, distance_desk_left_camera = 0.8690m
t=0s, distance_desk_right_camera = 0.8520m
t=0s, distance_slope_far_camera = 1.3450m
t=0s, distance_slope_near_camera = 1.1040m
",857.9,132.0
2350,captured_0013,lab,A3MC,24,DS,What is the length of the slope in cm?,"t=1.5, ball acceleration = 3.0m/s^2","t=0s, distance_cup_camera = 1.2100m
t=0s, distance_pen_camera = 1.1750m
t=0s, distance_cookie_camera = 1.1820m
t=0s, distance_note_book_camera = 0.9620m
t=0s, distance_desk_left_camera = 0.8690m
t=0s, distance_desk_right_camera = 0.8520m
t=0s, distance_slope_far_camera = 1.3450m
t=0s, distance_slope_near_camera = 1.1040m
",30.8,26.1
2351,captured_0013,lab,A3MC,24,DS,What is the diameter of the ball in cm? ,"t=1.5, ball acceleration = 3.0m/s^2","t=0s, distance_cup_camera = 1.2100m
t=0s, distance_pen_camera = 1.1750m
t=0s, distance_cookie_camera = 1.1820m
t=0s, distance_note_book_camera = 0.9620m
t=0s, distance_desk_left_camera = 0.8690m
t=0s, distance_desk_right_camera = 0.8520m
t=0s, distance_slope_far_camera = 1.3450m
t=0s, distance_slope_near_camera = 1.1040m
",6.7,7.0
2352,captured_0013,lab,A3MC,24,DD,What is the velolicty of the ball at 1.5s in cm/s? ,"t=1.5, ball acceleration = 3.0m/s^2","t=0s, distance_cup_camera = 1.2100m
t=0s, distance_pen_camera = 1.1750m
t=0s, distance_cookie_camera = 1.1820m
t=0s, distance_note_book_camera = 0.9620m
t=0s, distance_desk_left_camera = 0.8690m
t=0s, distance_desk_right_camera = 0.8520m
t=0s, distance_slope_far_camera = 1.3450m
t=0s, distance_slope_near_camera = 1.1040m
",102.65,450.0
2604,captured_0027s,lab,S3SS,24,SD,What is the velocity of the red ball at 0.2s in cm/s?,diameter of the red ball = 7cm,"t=0.2s, distance_book_camera=1.0995m
t=0.6s, distance_book_camera=1.1510m
distance_person_left_camera=1.2750m
distance_person_right_camera=1.2305m",201.73,129.0
2605,captured_0027s,lab,S3SS,24,SD,What is the velocity of the red ball at 0.6s in cm/s?,diameter of the red ball = 7cm,"t=0.2s, distance_book_camera=1.0995m
t=0.6s, distance_book_camera=1.1510m
distance_person_left_camera=1.2750m
distance_person_right_camera=1.2305m",66.68,107.0
2606,captured_0027s,lab,S3SS,24,SD,What is the acceleration of the red ball at 0.2s in cm/s^2?,diameter of the red ball = 7cm,"t=0.2s, distance_book_camera=1.0995m
t=0.6s, distance_book_camera=1.1510m
distance_person_left_camera=1.2750m
distance_person_right_camera=1.2305m",1086.09,-980.0
2607,captured_0027s,lab,S3SS,24,SS,What is the shoulder breadth of the person in cm?,diameter of the red ball = 7cm,"t=0.2s, distance_book_camera=1.0995m
t=0.6s, distance_book_camera=1.1510m
distance_person_left_camera=1.2750m
distance_person_right_camera=1.2305m",47.39,48.0
2714,captured_0034as,lab,S3MS,24,SD,What is the velocity of the left tennis ball at 1.2s in cm/s?,diameter of the tennis ball = 6.7cm,"t=1.2s, distance_right_tennis_ball_camera = 0.7760m
t=1.2s, distance_left_ping_pong_ball_camera = 0.7060m
distance_pencil_bag_camera = 1.0500m
distance_soccer_ball_camera = 0.8940m",82.93,20.0
2715,captured_0034as,lab,S3MS,24,SD,What is the velocity of the right tennis ball at 1.2s in cm/s?,diameter of the tennis ball = 6.7cm,"t=1.2s, distance_right_tennis_ball_camera = 0.7760m
t=1.2s, distance_left_ping_pong_ball_camera = 0.7060m
distance_pencil_bag_camera = 1.0500m
distance_soccer_ball_camera = 0.8940m",99.47,61.0
2716,captured_0034as,lab,S3MS,24,SS,What is the height of the pencil bag in cm?,diameter of the tennis ball = 6.7cm,"t=1.2s, distance_right_tennis_ball_camera = 0.7760m
t=1.2s, distance_left_ping_pong_ball_camera = 0.7060m
distance_pencil_bag_camera = 1.0500m
distance_soccer_ball_camera = 0.8940m",6.7,7.5
2717,captured_0034as,lab,S3MS,24,SS,What is the length of the pencil bag in cm?,diameter of the tennis ball = 6.7cm,"t=1.2s, distance_right_tennis_ball_camera = 0.7760m
t=1.2s, distance_left_ping_pong_ball_camera = 0.7060m
distance_pencil_bag_camera = 1.0500m
distance_soccer_ball_camera = 0.8940m",21,21.5
2718,captured_0034as,lab,S3MS,24,SS,What is the diameter of the soccer ball in cm?,diameter of the tennis ball = 6.7cm,"t=1.2s, distance_right_tennis_ball_camera = 0.7760m
t=1.2s, distance_left_ping_pong_ball_camera = 0.7060m
distance_pencil_bag_camera = 1.0500m
distance_soccer_ball_camera = 0.8940m",17.5,22.4
2719,captured_0034as,lab,S3MS,24,SD,What is the velocity of the left tennis ball at 1.3s in cm/s?,diameter of the tennis ball = 6.7cm,"t=1.2s, distance_right_tennis_ball_camera = 0.7760m
t=1.2s, distance_left_ping_pong_ball_camera = 0.7060m
distance_pencil_bag_camera = 1.0500m
distance_soccer_ball_camera = 0.8940m",84.54,26.0
2720,captured_0034as,lab,S3MS,24,SD,What is the velocity of the right tennis ball at 1.3s in cm/s?,diameter of the tennis ball = 6.7cm,"t=1.2s, distance_right_tennis_ball_camera = 0.7760m
t=1.2s, distance_left_ping_pong_ball_camera = 0.7060m
distance_pencil_bag_camera = 1.0500m
distance_soccer_ball_camera = 0.8940m",92.33,200.0
2721,captured_0034as,lab,S3MS,24,SS,What is the total distance traveled by the left tennis ball in cm?,diameter of the tennis ball = 6.7cm,"t=1.2s, distance_right_tennis_ball_camera = 0.7760m
t=1.2s, distance_left_ping_pong_ball_camera = 0.7060m
distance_pencil_bag_camera = 1.0500m
distance_soccer_ball_camera = 0.8940m",57.1,54.0
2722,captured_0034as,lab,S3MS,24,SS,What is the total distance traveled by the right tennis ball in cm?,diameter of the tennis ball = 6.7cm,"t=1.2s, distance_right_tennis_ball_camera = 0.7760m
t=1.2s, distance_left_ping_pong_ball_camera = 0.7060m
distance_pencil_bag_camera = 1.0500m
distance_soccer_ball_camera = 0.8940m",70.62,38.0
2915,captured_0041x,lab,V3SX,24,DS,What is the soccer ball's diameter in cm? ,velocity of the soccer ball at 1.5s = 5.21,"t=1.5s, distance_soccer_ball_camera = 2.5440m
t=1.6s, distance_soccer_ball_camera = 2.0740m",17.5,22.0
2916,captured_0041x,lab,V3SX,24,DS,What is the soccer ball's diasplacement between 1.5s and 1.6s in meters? ,velocity of the soccer ball at 1.5s = 5.21,"t=1.5s, distance_soccer_ball_camera = 2.5440m
t=1.6s, distance_soccer_ball_camera = 2.0740m",0.6116,0.47
2917,captured_0041x,lab,V3SX,24,DS,What is the distance from the soccerball to the person at 1.5s in meters? ,velocity of the soccer ball at 1.5s = 5.21,"t=1.5s, distance_soccer_ball_camera = 2.5440m
t=1.6s, distance_soccer_ball_camera = 2.0740m",0.198,0.47
3047,captured_0061,lab,V3MC,24,DS,What is the diameter of the yoga ball in cm? ,velocity of the yoga ball at 0.6s = 2.5104m/s,"t=0.6s, distance_yoga_ball_camera = 2.1330m
t=1.1s, distance_basketball_camera = 2.4200m
t=1.6s, distance_basketball_camera = 1.9015m
t=0.6s, distance_soccer_ball_camera = 1.9370m
t=0.9s, distance_soccer_ball_camera = 1.5850m
",52.2,65.0
3048,captured_0061,lab,V3MC,24,DS,What is the diameter of the soccer ball in cm? ,velocity of the yoga ball at 0.6s = 2.5104m/s,"t=0.6s, distance_yoga_ball_camera = 2.1330m
t=1.1s, distance_basketball_camera = 2.4200m
t=1.6s, distance_basketball_camera = 1.9015m
t=0.6s, distance_soccer_ball_camera = 1.9370m
t=0.9s, distance_soccer_ball_camera = 1.5850m
",17.5,22.0
3049,captured_0061,lab,V3MC,24,DS,What is the distance between the soccer ball and the basketball at 2.0s in meters?,velocity of the yoga ball at 0.6s = 2.5104m/s,"t=0.6s, distance_yoga_ball_camera = 2.1330m
t=1.1s, distance_basketball_camera = 2.4200m
t=1.6s, distance_basketball_camera = 1.9015m
t=0.6s, distance_soccer_ball_camera = 1.9370m
t=0.9s, distance_soccer_ball_camera = 1.5850m
",1.9461,0.9
3050,captured_0061,lab,V3MC,24,DS,What is the distance between the basketball and the yoga ball at 2.0s in meters?,velocity of the yoga ball at 0.6s = 2.5104m/s,"t=0.6s, distance_yoga_ball_camera = 2.1330m
t=1.1s, distance_basketball_camera = 2.4200m
t=1.6s, distance_basketball_camera = 1.9015m
t=0.6s, distance_soccer_ball_camera = 1.9370m
t=0.9s, distance_soccer_ball_camera = 1.5850m
",1.6593,1.25
3051,captured_0061,lab,V3MC,24,DS,What is the distance between the soccer ball and the floor at 2.0s in meters?,velocity of the yoga ball at 0.6s = 2.5104m/s,"t=0.6s, distance_yoga_ball_camera = 2.1330m
t=1.1s, distance_basketball_camera = 2.4200m
t=1.6s, distance_basketball_camera = 1.9015m
t=0.6s, distance_soccer_ball_camera = 1.9370m
t=0.9s, distance_soccer_ball_camera = 1.5850m
",1.6913,0.32
3052,captured_0061,lab,V3MC,24,DD,What is the velocity of the soccer ball at 0.6s in m/s?,velocity of the yoga ball at 0.6s = 2.5104m/s,"t=0.6s, distance_yoga_ball_camera = 2.1330m
t=1.1s, distance_basketball_camera = 2.4200m
t=1.6s, distance_basketball_camera = 1.9015m
t=0.6s, distance_soccer_ball_camera = 1.9370m
t=0.9s, distance_soccer_ball_camera = 1.5850m
",2.7918,1.1733
3053,captured_0061,lab,V3MC,24,DD,What is the velocity of the soccer ball at 0.9s in m/s?,velocity of the yoga ball at 0.6s = 2.5104m/s,"t=0.6s, distance_yoga_ball_camera = 2.1330m
t=1.1s, distance_basketball_camera = 2.4200m
t=1.6s, distance_basketball_camera = 1.9015m
t=0.6s, distance_soccer_ball_camera = 1.9370m
t=0.9s, distance_soccer_ball_camera = 1.5850m
",2.75,1.1733
3054,captured_0061,lab,V3MC,24,DD,What is the velocity of the basketball at 1.1s in m/s?,velocity of the yoga ball at 0.6s = 2.5104m/s,"t=0.6s, distance_yoga_ball_camera = 2.1330m
t=1.1s, distance_basketball_camera = 2.4200m
t=1.6s, distance_basketball_camera = 1.9015m
t=0.6s, distance_soccer_ball_camera = 1.9370m
t=0.9s, distance_soccer_ball_camera = 1.5850m
",9.32,1.037
3055,captured_0061,lab,V3MC,24,DD,What is the velocity of the basketball at 1.6s in m/s?,velocity of the yoga ball at 0.6s = 2.5104m/s,"t=0.6s, distance_yoga_ball_camera = 2.1330m
t=1.1s, distance_basketball_camera = 2.4200m
t=1.6s, distance_basketball_camera = 1.9015m
t=0.6s, distance_soccer_ball_camera = 1.9370m
t=0.9s, distance_soccer_ball_camera = 1.5850m
",0.8405,1.037
